"_id","name","email","address","coordinates","createdAt","updatedAt"
"655cee4534314e14d18fa003","Marcus","Lavina46@yahoo.com","32069 Shanahan Mission Apt. 269","[]","2023-11-21T17:52:05.328Z","2023-11-21T17:52:05.568Z"
"655cee4534314e14d18fa02d","Stella Barrows","Hannah_Ondricka@yahoo.com","Alysson Divide - 336 - eaque-illum-architecto, Murphyton - Nevada, 96265-3587, Eswatini","[140.7808,48.6002]","2023-11-21T17:52:05.615Z","2023-11-21T17:52:05.615Z"
"655ceeb098bdf4626ce99eee","Amelia","Trudie_Casper25@gmail.com","92333 Trever Mill Apt. 648","[]","2023-11-21T17:53:52.713Z","2023-11-21T17:53:52.864Z"
"655ceeb098bdf4626ce99f18","Ella Konopelski","Addie.Skiles46@hotmail.com","Augustus Land - 40608 - degero-curatio-at, Centennial - Iowa, 00315, Finland","[-149.9809,-9.7097]","2023-11-21T17:53:52.910Z","2023-11-21T17:53:52.910Z"
"655cef3a4f96783c0c4e9097","Heber","Maritza86@hotmail.com","2092 Ziemann Curve Apt. 814","[]","2023-11-21T17:56:10.300Z","2023-11-21T17:56:10.323Z"
"655cf01b1e2c0934d811f662","Maritza","Camden87@yahoo.com","178 Jamal Extensions Suite 777","[]","2023-11-21T17:59:55.733Z","2023-11-21T17:59:55.761Z"
"655cf037371353e5aa35e610","Mohamed","Roxane_Aufderhar18@gmail.com","46512 Kovacek Meadows Apt. 998","[]","2023-11-21T18:00:23.394Z","2023-11-21T18:00:23.417Z"
"655cf046cd1f3cdc4d16d466","Charles","Kenny_Cummings@hotmail.com","33294 Keeling Throughway Suite 351","[]","2023-11-21T18:00:38.194Z","2023-11-21T18:00:38.219Z"
"655cf046cd1f3cdc4d16d46f","Royal","Zelma.OReilly72@hotmail.com","44420 Cordia Pike Suite 571","[]","2023-11-21T18:00:38.280Z","2023-11-21T18:00:38.392Z"
"655cf046cd1f3cdc4d16d497","Clifton Steuber","Ulises_Ruecker@gmail.com","Josephine Cliffs - 85680 - magni-vinum-uxor, Candelarioside - Maine, 72144, Serbia","[47.4,77.7947]","2023-11-21T18:00:38.436Z","2023-11-21T18:00:38.436Z"
"655cf0ce65bb41c86745aa40","Lavinia","Estel.Hand37@hotmail.com","99089 O'Keefe Burg Suite 684","[]","2023-11-21T18:02:54.669Z","2023-11-21T18:02:54.692Z"
"655cf0e29c029a0746b31aec","Jeromy","Cyril48@yahoo.com","3653 Felix Station Apt. 911","[]","2023-11-21T18:03:14.376Z","2023-11-21T18:03:14.400Z"
"655cf0ff7985307037eba303","Ignacio","Mireya.Ledner@hotmail.com","8097 Wuckert Crescent Suite 905","[]","2023-11-21T18:03:43.259Z","2023-11-21T18:03:43.284Z"
"655cf0ff7985307037eba30e","Garry","Bill.West@hotmail.com","82868 Pinkie Road Suite 169","[]","2023-11-21T18:03:43.343Z","2023-11-21T18:03:43.457Z"
"655cf0ff7985307037eba336","Wilma Parker","Monserrat_Bashirian73@gmail.com","Asia Unions - 26807 - claudeo-vinitor-cetera, West Chandler - West Virginia, 22235-0633, Togo","[135.9852,88.0227]","2023-11-21T18:03:43.500Z","2023-11-21T18:03:43.500Z"
"655cf19ac07a555a3df05ba4","Leanne","Cade_Goyette@hotmail.com","585 Borer Way Suite 837","[]","2023-11-21T18:06:18.312Z","2023-11-21T18:06:18.337Z"
"655cf1c602dea4311c1cec42","Jessie","Russel.Kautzer1@gmail.com","8894 Lucinda Camp Apt. 997","[]","2023-11-21T18:07:02.279Z","2023-11-21T18:07:02.302Z"
"655cf1ee58964043ddee3e65","Nora","Verna56@gmail.com","5141 Klein Fords Suite 655","[]","2023-11-21T18:07:42.760Z","2023-11-21T18:07:42.782Z"
"655cf20552b80e8af054406e","Federico","Raheem_Roberts@yahoo.com","678 Reanna Spring Apt. 378","[]","2023-11-21T18:08:05.071Z","2023-11-21T18:08:05.094Z"
"655cf20552b80e8af0544079","Antonietta","Wiley92@hotmail.com","1507 Afton Key Apt. 686","[]","2023-11-21T18:08:05.159Z","2023-11-21T18:08:05.274Z"
"655cf20552b80e8af05440a1","Chad Treutel","Zelma_Lockman78@yahoo.com","Keara Lights - 9942 - animus-aestas-caelum, Emardworth - Illinois, 82418, Djibouti","[-179.9413,33.3703]","2023-11-21T18:08:05.323Z","2023-11-21T18:08:05.323Z"
"655cf5d243005992e35393dc","Markus","Elva_Aufderhar1@gmail.com","716 Cortney Row Suite 172","[]","2023-11-21T18:24:18.407Z","2023-11-21T18:24:18.452Z"